600,148033.3734,775345.9596,950.277,
601,148445.9657,775616.3675,953.421,PRE5
6001,,,,
7000,147863.6591,775203.6081,951.174,PRE5
7000A,147895.3742,775232.8737,950.410,XXX
7000B,147833.4217,775196.2945,952.029,XXX
7000C,147853.5454,775195.8319,951.621,XXX
7001,147806.0428,775037.9281,951.980,PRE5
7002,147272.8867,774637.7813,957.802,PRE5
7002A,147264.9849,774648.5201,958.385,XXX
7002B,147220.1643,774533.8366,950.316,XXX
7002C,147322.6407,774677.0518,957.432,XXX
70010,147916.2833,775237.6515,953.798,RA01 B
70011,147870.4555,775204.4361,954.008,RA01
70012,147825.0014,775171.4365,954.460,RA01
70013,147779.8020,775138.1608,954.900,RA01
70014,147739.4593,775108.5039,955.429,RA01
70015,147709.0304,775086.3689,955.822,RA01 PC
70016,147703.7704,775084.7338,955.865,RA01
70017,147699.1194,775087.3258,955.929,RA01 PT
70018,147683.3436,775106.3116,957.638,RA01
70019,147237.9589,774719.9626,957.917,ES01 B
70020,147243.9500,774712.3551,958.283,EP01 B
70021,147250.6795,774703.8574,958.529,A
70022,147257.9921,774693.8711,958.840,A
70023,147263.3307,774686.9869,958.985,RC01 B
70024,147268.3940,774680.9309,958.848,A
70025,147276.3235,774671.9920,958.610,A
70026,147285.3886,774663.5222,958.263,EP02 B
70027,147291.2817,774656.0264,957.884,ES02 B
70028,147331.2681,774687.2304,957.690,ES02
70029,147325.0424,774694.6530,958.050,EP02
70030,147318.7267,774704.6488,958.384,A
70031,147310.9824,774714.0384,958.641,A
70032,147306.3085,774720.8019,958.729,RC01
70033,147300.2706,774726.6873,958.600,A
70034,147291.3308,774735.0854,958.311,A
70035,147285.0733,774744.2509,958.022,EP01
70036,147279.0886,774751.9286,957.644,ES01
70037,147289.7866,774760.5255,957.508,ES01 EP03 B
70038,147292.8342,774767.8267,957.471,EP03 PC
70039,147293.6515,774779.5261,957.562,EP03
70040,147288.8209,774790.8439,957.904,EP03 PT
70041,147274.0816,774809.1546,958.697,EP03
70042,147283.4842,774815.4042,958.820,EP03 B
70043,147307.0792,774788.2635,957.583,EP03 PC
70044,147306.7938,774773.7071,957.432,ES01
70045,147314.6623,774784.6115,957.359,EP03
70046,147322.4283,774786.1619,957.273,EP03 ES01
70047,147312.0985,774765.4496,957.817,EP01
70048,147331.0911,774780.1948,957.708,EP01
70049,147336.8443,774770.7710,957.983,A
70050,147343.8026,774760.5725,958.282,A
70051,147348.7640,774754.6764,958.410,RC01
70052,147353.6086,774747.6223,958.357,A
70053,147362.1601,774737.9906,958.093,A
70054,147369.5171,774729.0438,957.743,EP02
70055,147375.8002,774721.8959,957.359,ES02
70056,147393.6566,774735.4149,957.127,ES02 EP04 B
70057,147398.7637,774735.6656,956.988,EP04 PC
70058,147403.0898,774734.9034,956.917,EP04
70059,147408.4635,774730.9760,956.816,EP04 PT
70060,147429.0164,774701.7445,956.844,EP04
70061,147438.3174,774707.9282,957.074,EP04 B
70062,147423.5561,774730.7142,956.744,EP04 PC
70063,147419.5919,774746.4886,956.841,EP04
70064,147409.9527,774748.1499,957.056,ES02
70065,147403.0635,774755.3476,957.425,EP02
70066,147423.6236,774758.5990,956.915,EP04 ES02
70067,147414.7723,774764.5187,957.368,EP02
70068,147408.5596,774773.4732,957.668,A
70069,147400.9174,774783.9165,957.992,A
70070,147393.3729,774789.1337,958.099,RC01
70071,147387.5785,774794.7432,957.969,A
70072,147379.0124,774803.8133,957.686,A
70073,147372.4442,774812.2939,957.420,EP01
70074,147366.5986,774820.2871,957.016,ES01
70075,147409.3515,774853.4598,956.653,ES01
70076,147414.9899,774845.7997,957.047,EP01
70077,147421.3376,774836.6762,957.342,A
70078,147428.8178,774826.8769,957.647,A
70079,147432.7443,774819.2781,957.759,RC01
70080,147437.7083,774812.5122,957.641,A
70081,147445.9759,774803.8765,957.371,A
70082,147453.3056,774794.4002,957.023,EP02
70083,147459.0129,774786.4960,956.626,ES02
70084,147499.8231,774818.2893,956.143,ES02
70085,147493.6932,774825.6004,956.580,EP02
70086,147488.1100,774835.5634,956.905,A
70087,147481.1963,774845.6514,957.199,A
70088,147475.4916,774852.7578,957.314,RC01
70089,147470.0398,774858.5284,957.213,A
70090,147462.0498,774868.0782,956.907,A
70091,147452.2171,774874.5337,956.684,EP01
70092,147447.4246,774882.8536,956.208,ES01
70093,147447.8414,774882.8971,956.218,ES01 EP03 B
70094,147452.8433,774892.5813,956.079,EP03 PC
70095,147455.5198,774899.2807,956.077,EP03
70096,147454.0525,774907.1608,956.276,EP03 PT
70097,147446.4738,774920.1659,957.147,EP03
70098,147434.9672,774937.2247,957.915,EP03
70099,147450.6763,774946.4895,958.025,A
70100,147464.9565,774961.1030,957.839,EP03 B
70101,147477.9334,774937.2055,956.549,EP03 PC
70102,147492.3432,774928.5640,955.853,EP03
70103,147501.5856,774929.5631,955.615,EP03 PT
70104,147510.2713,774931.5029,955.604,EP03 ES01 B
70105,147492.1799,774918.6184,955.915,A
70106,147479.8016,774909.6254,956.102,A
70107,147466.5632,774899.9048,956.279,A
70108,147482.6787,774897.7383,956.371,EP01
70109,147492.7373,774891.4224,956.606,A
70110,147499.5797,774881.3157,956.892,A
70111,147505.6326,774875.6942,956.983,RC01
70112,147510.7184,774868.5720,956.890,A
70113,147517.2087,774858.4565,956.601,A
70114,147524.1808,774849.2599,956.246,EP02
70115,147530.3434,774841.8455,955.821,ES02
70116,147556.7110,774862.1877,955.563,ES02 EP04 B
70117,147551.3350,774869.9136,955.945,EP02
70118,147564.9503,774862.5453,955.388,EP04 PC
70119,147569.5452,774861.3652,955.391,EP04
70120,147573.0951,774857.2482,955.462,EP04 PT
70121,147593.8074,774829.1243,957.369,EP04
70122,147595.0087,774827.5564,957.392,X
70123,147607.5133,774838.7933,957.145,X
70124,147606.7553,774840.1981,957.084,EP04
70125,147588.1685,774866.3288,955.375,EP04 PC
70126,147584.9513,774874.9358,955.187,EP04
70127,147589.2213,774886.1883,955.136,EP04 PT ES02 B
70128,147572.2385,774873.8407,955.410,A
70129,147566.7765,774881.6379,955.768,EP02
70130,147559.6687,774889.8355,956.072,A
70131,147552.5619,774900.7858,956.434,A
70132,147547.6954,774907.8734,956.537,RC01
70133,147542.2129,774914.0258,956.448,A
70134,147536.1242,774922.5809,956.246,A
70135,147529.8902,774933.8872,955.881,EP01
70136,147524.3920,774942.2214,955.384,ES01
70137,147566.0075,774973.7453,955.022,ES01
70138,147572.3807,774966.3640,955.449,EP01
70139,147578.2615,774956.9949,955.674,A
70140,147585.5963,774947.1910,955.954,A
70141,147590.0396,774940.9579,956.060,RC01
70142,147595.8421,774934.1178,955.904,A
70143,147604.4742,774925.0671,955.620,A
70144,147611.2146,774916.0430,955.344,EP02
70145,147618.0793,774908.5098,954.992,ES02
70146,147661.6991,774942.1799,954.562,ES02
70147,147656.4990,774950.1064,954.811,EP02
70148,147650.0741,774959.0176,955.147,A
70149,147643.0848,774969.3905,955.424,A
70150,147637.2101,774976.7874,955.537,RC01
70151,147631.9560,774982.2488,955.450,A
70152,147624.9526,774992.3999,955.171,A
70153,147618.0524,775000.8509,954.930,EP01
70154,147613.1569,775009.1410,954.492,ES01
70155,147654.1459,775040.0778,954.066,ES01
70156,147660.1554,775032.8160,954.464,EP01
70157,147666.5293,775024.0934,954.696,A
70158,147673.5898,775013.6864,954.970,A
70159,147677.8756,775006.2280,955.083,RC01
70160,147683.1920,775000.0272,954.949,A
70161,147690.6982,774990.3770,954.695,A
70162,147696.7770,774980.5043,954.367,EP02
70163,147703.4963,774973.3528,954.136,ES02
70164,147743.4962,775003.7079,953.739,ES02
70165,147738.4434,775011.6064,953.904,EP02
70166,147733.1526,775022.1932,954.241,A
70167,147726.0786,775032.0846,954.483,A
70168,147720.8094,775038.9776,954.596,RC01
70169,147715.2871,775044.9722,954.481,A
70170,147708.3269,775055.0114,954.204,A
70171,147692.3954,775057.1647,954.069,EP01
70172,147658.0958,775043.8574,954.038,ES01
70173,147668.6644,775053.7974,953.803,ES01 EP03 B
70174,147686.5837,775067.3521,953.509,ES01
70175,147671.2109,775058.7213,953.668,EP03 PC
70176,147671.6915,775067.9246,953.972,EP03
70177,147668.8571,775077.8773,954.731,EP03 PT
70178,147651.2679,775102.4497,956.744,EP03 EG03 B
70179,147646.3288,775109.3516,956.921,EG03
70180,147665.7828,775123.7117,956.676,EG03 B
70181,147670.6012,775115.8492,956.487,EG03 EP03
70182,147693.7511,775083.7347,953.756,EP03 PC
70183,147698.2405,775079.5965,953.537,EP03
70184,147702.9891,775079.2335,953.478,ES01 EP03 PT
70185,147707.6370,775068.6658,953.887,EP01
70186,147744.4729,775109.8573,952.971,ES01
70187,147750.9770,775100.3539,953.397,EP01
70188,147757.1212,775091.5423,953.642,A
70189,147764.0555,775081.2423,953.921,A
70190,147768.9053,775074.6942,954.014,RC01
70191,147774.4670,775068.6706,953.889,A
70192,147782.6010,775058.5931,953.688,A
70193,147790.0916,775050.4990,953.390,EP02
70194,147796.8682,775041.9029,953.182,ES02
70195,147795.5649,775039.0148,955.425,RA01 B
70196,147835.5260,775068.4530,955.010,RA01
70197,147834.3189,775069.5714,952.706,ES02
70198,147828.3017,775078.4493,952.932,EP02
70199,147821.9658,775087.9671,953.260,A
70200,147814.9504,775098.2185,953.450,A
70201,147809.4039,775104.4261,953.561,RC01
70202,147804.5594,775111.0934,953.477,A
70203,147797.0931,775120.6814,953.199,A
70204,147789.8055,775129.0005,952.972,EP01
70205,147782.1346,775137.4653,952.516,ES01
70206,147825.0752,775169.0603,952.092,ES01
70207,147833.2121,775161.3566,952.452,EP01
70208,147839.9573,775151.8789,952.793,A
70209,147847.0163,775142.3937,953.006,A
70210,147852.5760,775136.2285,953.143,RC01
70211,147857.7125,775129.4934,953.034,A
70212,147864.5096,775119.4970,952.857,A
70213,147871.3170,775109.9534,952.523,EP02
70214,147877.2820,775101.0911,952.370,ES02
70215,147875.7005,775097.9478,954.656,RA01
70216,147915.5756,775129.1513,952.017,ES02
70217,147909.7632,775137.7351,952.201,EP02
70218,147903.9422,775147.7974,952.471,A
70219,147896.9237,775158.0994,952.706,A
70220,147890.0220,775164.5638,952.810,RC01
70221,147885.3835,775169.7138,952.717,A
70222,147877.2810,775179.6741,952.440,A
70223,147871.4938,775188.8495,952.165,EP01
70224,147864.7229,775198.0833,951.776,ES01
70225,147903.8295,775226.5103,951.533,ES01
70226,147911.5532,775218.2295,951.906,EP01
70227,147918.1248,775209.2305,952.197,A
70228,147925.1105,775199.5919,952.429,A
70229,147929.8689,775192.6034,952.558,RC01
70230,147935.5410,775186.4270,952.424,A
70231,147943.4239,775176.5822,952.171,A
70232,147949.9491,775166.9288,951.877,EP02
70233,147956.3854,775158.6698,951.704,ES02
70234,147961.7763,775160.3502,953.976,RA01
70235,147817.6210,775042.6366,949.558,LE03 B LE04 B
70236,147816.6078,775043.7639,951.252,LE03
70237,,,,
70238,147817.0415,775043.6907,952.639,EC01 B EC02 B
70239,147817.6364,775043.2353,952.641,EC01
70240,147827.0147,775055.7537,951.904,LE03
70241,147833.7535,775062.1628,951.887,LE03
70242,147833.6873,775064.2936,952.240,LE03
70243,147834.1683,775062.0830,952.650,EC02
70244,147835.0017,775061.8626,952.633,EC01
70245,147835.0392,775063.4073,952.647,EC01
70246,147834.1857,775064.1059,952.635,EC02
70247,147848.4832,775064.7805,950.969,LE03
70248,147856.8610,775064.7464,949.645,LE03
70249,147856.6074,775063.5657,952.629,EC01
70250,147856.7478,775064.3179,952.650,EC02
70251,147858.1667,775062.8994,952.594,EC01
70252,147858.2972,775063.6278,952.624,EC02
70253,147872.0600,775058.3602,945.822,LE03
70254,147871.4678,775056.7259,945.802,LE03
70255,147871.1374,775057.1923,947.943,EC01
70256,147871.4310,775057.8374,947.942,EC01 EC02
70257,147868.7996,775217.9321,947.352,LE01 B LE02 B
70258,147867.8872,775218.7322,947.061,LE01
70259,147867.8658,775218.3546,947.840,EC01 B EC02 B
70260,147868.5673,775217.9744,947.875,EC02
70261,147858.8004,775203.0808,950.613,LE02
70262,147854.8643,775196.4614,951.641,LE02
70263,147854.3755,775195.5210,951.720,LE02
70264,147853.9566,775197.3457,952.044,EC01
70265,147853.8719,775196.8917,952.051,EC01
70266,147854.0516,775196.0315,952.048,EC02
70267,147843.0979,775195.5272,950.303,LE02
70268,147833.0454,775196.6010,952.035,EC01
70269,147833.2703,775195.7702,952.023,EC02
70270,147833.4466,775195.3175,949.613,LE02
70271,147822.2298,775187.5638,947.382,LE02
70272,147821.3989,775188.6577,947.326,LE02
70273,147821.8749,775189.2127,947.117,LE02
70274,147822.2508,775187.8436,947.860,EC02
70275,147821.7340,775188.5637,947.879,EC02 EC01
70276,147862.6333,775211.5174,945.103,LE01
70277,147844.4115,775197.4043,939.958,DR01 B / BOTTOM OF STRUCTURE
70278,,,,
70279,147894.9294,775232.9821,971.609,PPST PZ01 B /14IN METAL POLE @ BOTTOM OF RAIL
70280,147958.7960,775144.4152,971.742,PPST PZ01 /14IN METAL POLE @ BOTTOM OF RAIL
70281,147929.5971,775192.2622,970.525,PZZZ / LOW POINT ON RAIL
70282,147859.0748,775206.6948,943.391,LE01
70283,147829.9874,775194.9934,945.785,LE02
70284,147832.8970,775197.1170,944.505,LE02
70285,147833.6776,775197.1116,943.091,LE02
70286,147843.8804,775196.8078,945.413,PZZZ / TOP OF ARC
70287,147864.8872,775059.2352,945.607,LE03
70288,147861.0946,775061.0804,943.464,LE03
70289,147828.1846,775053.8222,944.740,LE04
70290,147843.3352,775062.9614,939.891,DR01 / BOTTOM OF STRUCTURE
70291,147844.7530,775063.2205,945.337,PZZZ / TOP OF ARC
70292,147835.3715,775063.8039,952.720,PBMK
70293,147806.0660,775037.9020,951.999,CHE
70294,147459.5768,774724.7799,957.783,PBMK / 700 LOC ONLY
70295,146716.7059,774261.1540,957.282,PMON / TYPEB TOP OF LID
70296,147126.9236,774692.4880,954.194,PBMK / TBM701 LOC ONLY
70297,147175.3322,774572.9114,958.468,UG01 B / 18IN HP
70298,147215.7050,774655.6231,959.151,UG01
70299,147248.5233,774728.4573,957.861,UG01
70300,147317.8083,774854.2036,958.514,UG01
70301,147318.0396,774852.3409,958.321,PGLM
74144,147806.0492,775037.9365,951.992,CHE
74145,147806.0293,775037.8941,951.987,7001
80000,147272.9159,774637.7952,957.810,CHK 7002
80001,147278.7281,774644.5787,957.871,TB02 B
80002,147286.4297,774636.0911,956.030,X
80003,147294.5640,774628.2857,953.756,X
80004,147300.3372,774622.7531,951.923,DL02 B
80005,147311.9675,774607.8035,951.832,X
80006,147350.0374,774635.4827,952.945,X
80007,147355.2850,774641.6298,954.039,PTDS / 36IN
80008,147340.8011,774658.5747,952.912,DL02
80009,147332.3875,774669.0505,955.418,X
80010,147324.8557,774679.8588,957.585,TB02
80011,147322.7591,774676.9502,957.670,PZZZ / DELINEATOR POST
80012,147363.3700,774711.0121,957.423,TB02
80013,147372.5749,774702.5407,955.779,X
80014,147381.1951,774693.0422,954.271,DL02
80015,147394.5742,774673.3358,955.519,PTCS / 15IN
80016,147398.0465,774667.7805,956.088,X
80017,147430.3894,774690.0067,956.826,X
80018,147418.9625,774685.5610,956.785,PTCS / 29IN
80019,147397.4415,774704.9019,954.916,DL02 E
80020,147390.0518,774716.9582,955.970,X
80021,147384.3857,774725.8254,957.263,TB02
80022,147396.3523,774734.1951,957.161,TB02 E
80023,147424.3135,774758.3902,956.915,TB02 B
80024,147434.0992,774749.8683,955.346,X
80025,147440.4981,774744.5415,954.676,DL02 B
80026,147446.7650,774737.0094,956.238,X
80027,147455.5517,774724.9441,957.668,TB04 B
80028,147459.7011,774724.7201,957.757,PPWP
80029,147464.3422,774714.8072,957.968,X
80030,147493.9884,774752.2652,958.020,TB04
80031,147497.8810,774746.4192,958.053,X
80032,147486.1385,774764.2704,955.843,X
80033,147476.5220,774774.1757,953.838,DL02
80034,147470.2069,774782.5199,954.950,X
80035,147464.7497,774788.7405,956.460,TB02
80036,147502.0824,774817.9865,956.032,TB02
80037,147508.4958,774810.3543,954.450,X
80038,147515.1883,774802.9624,953.379,DL02
80039,147523.6554,774793.5825,955.367,X
80040,147531.6040,774784.6180,957.852,TB04
80041,,,,
80042,147535.5955,774777.7927,958.277,X
80043,147577.0872,774808.3449,958.060,X
80044,147573.2062,774813.8750,958.078,TB04
80045,147564.8520,774822.9410,955.707,X
80046,,,,
80047,147561.1143,774840.1140,952.585,DL02 E
80048,147555.0341,774848.4255,954.298,X
80049,147550.3905,774854.4450,955.569,TB02
80050,147558.6485,774861.9592,955.527,TB02 E
80051,147574.1616,774850.3914,955.485,X
80052,147587.7068,774832.9223,957.180,X
80053,147594.4812,774828.8728,957.317,TB04 E
80054,147598.8385,774824.3596,957.170,X
80055,147608.1513,774839.9168,957.132,TB04 B
80056,147614.4090,774834.6824,956.972,X
80057,147600.2998,774855.8663,956.173,X
80058,147590.3919,774870.8153,954.972,X
80059,147590.4948,774886.2226,955.140,TB02 B
80060,147564.2045,774842.4123,952.675,DR02 B / INV 12IN CPP
80061,147602.8917,774872.8332,952.151,DR02 E / INV 12IN CPP
80062,147604.2749,774873.7996,952.309,DL02 B
80063,147634.3667,774896.5176,952.088,DL02
80064,147643.6505,774885.2298,954.158,X
80065,147652.3056,774876.8595,955.550,TB04
80066,147659.9667,774870.5734,955.476,X
80067,147629.2530,774906.2391,953.399,X
80068,147626.0744,774913.1133,954.852,TB02
80069,147665.6186,774943.5614,954.501,TB02
80070,147670.1907,774939.4014,953.495,X
80071,147678.0984,774930.7704,951.925,DL02
80072,147689.4085,774919.3236,953.713,X
80073,147696.7206,774909.7961,955.952,TB04
80074,147705.6895,774901.7131,955.631,X
80075,147723.4029,774912.9107,955.522,WL02 B
80076,147713.1255,774920.0207,956.037,WL02
80077,147711.5782,774940.1495,952.921,WL02
80078,147714.9504,774954.8733,951.324,WL02
80079,147723.2335,774963.0680,950.953,WL02
80080,147701.8220,774969.6515,954.036,TB02
80081,147708.4858,774962.4890,952.330,X
80082,147714.5074,774954.7675,951.291,DL02
80083,147721.9410,774946.7891,952.974,X
80084,147734.5510,774938.7185,955.303,TB04
80085,147737.8396,774930.0460,955.123,X
80086,147730.9852,774965.9469,950.452,DL02
80087,147746.9580,774974.7885,950.247,DL02
80088,147746.6973,775004.6719,953.680,TB02
80089,147755.2001,774996.1515,951.661,X
80090,147762.6373,774987.1544,950.441,X
80091,147764.6707,774981.4044,949.133,DL02
80092,147769.3245,774972.1398,950.511,X
80093,147778.1220,774959.2897,948.166,X
80094,147760.8656,774963.0363,952.569,TB04
80095,147764.1247,774963.6412,952.334,TB04
80096,147765.8585,774962.3073,952.096,TB04
80097,147727.8847,774967.7024,951.189,WL02
80098,147742.5662,774970.9826,950.247,WL02
80099,147744.5535,774973.3100,950.262,WL02
80100,147741.1396,774976.5277,950.902,WL02
80101,147741.1240,774982.8115,951.706,WL02
80102,147752.7318,774989.2748,951.375,WL02
80103,147760.7231,774984.5463,950.339,WL02
80104,147765.2472,774991.3983,950.581,WL02
80105,147779.1602,775004.5304,950.033,WL02
80106,147800.6001,775012.7066,947.935,WL02
80107,147811.4170,775025.6342,948.451,WL02
80108,147818.5387,775035.6571,948.678,WL02
80109,147826.8084,775039.3260,945.662,WL02
80110,147830.1451,775039.4281,944.192,WL02
80111,147831.8587,775029.3998,943.149,WL02
80112,147833.8038,775002.3537,943.784,WL02
80113,147841.6526,774986.8370,943.176,WL02
80114,147782.4629,775029.2666,953.266,TB02
80115,147790.5597,775016.8336,949.911,X
80116,147797.5976,775006.7109,947.672,X
80117,147807.3070,775046.9942,952.991,TB02
80118,147816.0746,775036.0489,949.325,X
80119,147789.2888,775020.5782,950.913,EC01 B EC02 B
80120,147793.3956,775015.2335,949.513,EC01
80121,147797.1579,775018.1937,949.513,EC01
80122,147793.1350,775023.5117,950.918,EC01 E EC02 E
80123,147792.2573,775020.6487,949.954,DR01 B / DIR ONLY 6IN PVC
80124,147787.8961,775026.7211,952.446,DR01 E / DIR ONLY 6IN PVC
80125,147783.1699,774987.3917,946.834,DL02
80126,147797.0490,774990.6862,944.683,DL02
80127,147811.2630,774979.7997,945.112,X
80128,147827.6319,774986.6440,944.754,X
80129,147823.4904,774999.6801,944.050,DL02
80130,147832.8140,774959.5460,944.816,X
80131,147831.4446,774940.6675,944.486,X
80132,147799.1435,774949.9285,945.808,X
80133,147715.7059,774962.4696,951.970,RP01 B RP02 B
80134,147739.3803,774979.0077,951.273,RP01
80135,147745.0893,774967.6152,951.174,RP02
80136,147767.7818,774988.8532,950.106,RP01
80137,147775.7058,774978.9117,948.515,RP02
80138,147784.5972,774993.7033,947.281,RP01
80139,147796.8315,774985.1462,945.211,RP02
80140,147806.9742,774989.5268,944.841,RP02
80141,147802.6510,774999.9862,945.318,RP01
80142,147824.4032,774995.7519,944.550,RP02
80143,147824.0260,775007.3544,944.835,RP01 E RP02 E
80144,147815.8068,775013.8169,946.373,X
80145,147810.9159,775030.1706,949.290,X
80146,147758.6370,774938.4510,954.019,X
80147,147762.6448,774953.0478,953.188,TB04
80148,147757.5310,774940.4887,953.952,TB04
80149,147756.4706,774929.2127,954.347,TB04 E
80150,147746.1487,774933.4429,954.813,X
80151,147752.2525,774949.3770,954.160,X
80152,147777.5959,774947.2143,950.960,X
80153,147782.7559,774973.9819,947.304,X
80154,147796.3398,774970.4439,945.475,X
80155,147815.6003,774968.0280,944.759,X
80156,147816.7436,774950.7574,944.641,X
80157,147847.7805,774952.2378,942.810,WL02 E
80158,147394.3144,774732.2268,957.121,PMBX
80159,147387.8454,774729.1883,957.266,PIP3 / 2IN DIA
80160,147337.2668,774622.6372,952.161,LS01 B
80161,147330.0783,774627.5090,952.072,LS01
80162,147320.4438,774620.6952,951.992,LS01
80163,147299.5914,774605.0488,952.207,LS01 E
80164,147231.9215,774716.3624,957.956,TB01 B
80165,147222.9321,774726.9683,955.859,X
80166,147214.7063,774737.0872,953.972,DL01 B
80167,147209.6658,774742.6688,955.862,X
80168,147205.0254,774748.5417,956.849,TB03 B
80169,147199.5606,774755.7455,956.728,X
80170,147208.7476,774732.5707,953.740,DR01 B / INV 15IN CMP
80171,147173.4784,774706.9009,953.371,DR01 E / INV 15IN CMP
80172,147259.4357,774740.1953,957.684,TB01
80173,147252.8119,774749.2033,955.869,X
80174,147246.0568,774758.9803,954.176,DL01
80175,147241.6377,774765.6366,956.324,X
80176,147237.0719,774772.0562,957.614,TB03
80177,147229.3503,774779.8145,957.372,X
80178,147267.1811,774803.6923,958.347,X
80179,147279.2211,774800.6905,958.246,TB03 E
80180,147283.9330,774782.8357,957.456,X
80181,147288.9305,774762.2486,957.413,TB01 E
80182,147282.6243,774771.9958,956.703,X
80183,147263.5256,774771.9422,954.999,DL01 E
80184,147307.9255,774797.3052,957.361,X
80185,147289.5638,774820.8736,958.596,X
80186,147302.2583,774814.7110,958.098,TB03 B
80187,147321.5808,774788.8480,957.366,TB01 B
80188,147329.7688,774794.8956,957.626,PMBX
80189,147324.3182,774812.5088,954.953,DL01 B
80190,147352.5434,774835.8696,954.369,DL01
80191,147360.1846,774828.5124,955.778,X
80192,147366.5415,774821.6798,956.981,TB01
80193,147349.8354,774845.7476,957.194,X
80194,147345.1210,774853.0068,959.140,TB03
80195,147337.4001,774861.0308,959.268,X
80196,147318.4426,774843.9952,959.250,PPWP / DE84316
80197,147319.3872,774845.3230,959.101,PEDT
80198,147375.2085,774889.9804,959.222,X
80199,147382.7432,774881.7326,958.996,TB03
80200,147388.0509,774875.5072,956.862,X
80201,147395.7722,774869.1585,954.010,DL01
80202,147403.4807,774862.6814,955.276,X
80203,147409.8984,774855.3892,956.642,TB01
80204,147445.7343,774883.9107,956.158,TB01 E
80205,147440.0283,774891.7629,955.149,X
80206,147431.3058,774897.3916,953.047,DL01 E
80207,147434.2620,774899.7683,953.015,DR01 B / INV 15IN CPP
80208,147425.6344,774905.0969,956.065,X
80209,147425.4445,774912.2207,957.656,TB03
80210,147441.9179,774920.8373,957.163,TB03 E
80211,147445.2021,774906.3189,955.935,X
80212,147424.4229,774935.1471,958.583,X
80213,147397.9669,774912.2898,959.073,X
80214,147411.6761,774919.9588,958.951,PPWP / DE84167
80215,147434.6857,774908.1463,955.976,RP01 B RP02 B
80216,147425.2326,774900.9264,955.034,RP01
80217,147412.9780,774889.8305,954.785,RP01
80218,147415.8070,774884.5247,953.642,RP01
80219,147422.6269,774882.3096,954.295,RP01
80220,147427.9222,774883.9712,954.611,RP01
80221,147438.2331,774890.9659,954.915,RP01
80222,147443.0172,774896.0214,955.318,RP01 E RP02 E
80223,147388.5136,774839.9845,956.782,PZZZ / DELINEATOR POST
80224,147510.7508,774933.5232,955.636,TB01 B
80225,147486.5285,774940.3872,955.449,X
80226,147471.9266,774950.3980,957.452,TB03 B
80227,147488.6034,774964.9969,957.461,TB03
80228,147477.5327,774984.5037,957.671,X
80229,147480.7783,774975.9094,957.677,PPWP / DE84517
80230,147485.3132,774978.2258,957.444,PFOM
80231,147499.6396,774949.2860,952.500,DL01 B
80232,147496.8413,774947.5575,952.446,DR01 B / INV 15IN CPP
80233,147434.2291,774899.6941,953.043,DR01 E / INV 15IN CPP
80234,147493.2190,774945.3987,954.332,RP01 B RP02 B
80235,147496.5075,774941.1740,954.452,RP01
80236,147499.2897,774939.8938,954.371,RP01
80237,147503.9148,774943.5709,953.760,RP01
80238,147512.2959,774950.0444,953.555,RP01
80239,147513.4963,774954.9755,952.884,RP01
80240,147510.6962,774959.2677,952.445,RP01
80241,147506.0110,774961.3420,953.695,RP01
80242,147502.5104,774959.9152,954.092,RP01
80243,147491.5541,774954.0428,954.613,RP01
80244,147489.9001,774950.4469,954.677,RP01
80245,147490.9773,774948.0834,954.534,RP01 E RP02 E
80246,147522.5537,774990.8531,957.144,TB03
80247,147513.8240,775005.4307,957.107,X
80248,147528.8776,774983.2833,954.816,X
80249,147534.2843,774977.4892,952.179,DL01
80250,147541.0042,774969.9872,953.497,X
80251,147548.3707,774962.4711,955.000,TB01
80252,147589.6370,774994.2173,954.592,TB01
80253,147583.1850,775000.5148,953.296,X
80254,147588.7513,775003.1403,953.285,PSGN / CR 300W SIDE ROAD RIGHT
80255,147571.2115,774994.5466,953.089,EC01 B EC02 B
80256,147567.3139,774999.6452,951.865,EC01
80257,147563.5622,774996.4675,951.915,EC01
80258,147567.3551,774991.5855,953.081,EC01 E EC02 E
80259,147567.3370,774995.6950,951.826,DR01 B / DIR ONLY 6IN PVC
80260,147571.0761,774990.4581,953.425,DR01 E
80261,147575.0977,775008.8591,951.629,DL01
80262,147572.0340,775015.6115,953.894,X
80263,147567.1754,775023.0137,956.164,TB03
80264,147558.3972,775037.3147,956.820,X
80265,147566.9223,775045.6697,956.692,PPWP
80266,147602.7666,775076.0808,956.386,X
80267,147618.1984,775062.6869,955.675,TB03
80268,147624.4853,775055.0217,953.770,X
80269,147629.6142,775047.8982,951.150,DL01
80270,147636.0224,775040.1967,952.535,X
80271,147642.3687,775034.3574,954.126,TB01
80272,147654.8615,775043.3378,953.987,PMBX
80273,147668.6334,775054.8196,953.687,TB01 E
80274,147664.9687,775071.6570,953.931,X
80275,147660.5906,775086.7408,955.551,TB03 E
80276,147650.3563,775066.8951,952.724,X
80277,147657.2927,775062.9509,950.696,DL01 E
80278,147658.1885,775058.0379,951.533,X
80279,147659.2611,775064.3214,950.767,DR01 B / INV 18IN CPP
80280,147701.4061,775096.0978,950.251,DR01 E / INV 18IN CPP
80281,147697.6825,775093.4930,952.887,X
80282,147704.4863,775081.6062,953.637,TB01 B
80283,147704.2613,775082.5679,953.617,PZZZ / DELINEATOR POST
80284,147683.4289,775102.0234,955.069,TB03 B
80285,147720.4361,775131.1506,953.686,TB03
80286,147700.4941,775160.6387,954.833,X
80287,147702.3453,775156.7116,955.212,PTDS / 16IN
80288,147670.3616,775130.4875,956.626,X
80289,147670.0814,775124.8390,956.693,PPWP
80290,147694.1130,775138.4128,956.015,PTDS / 12IN
80291,,,,
80292,147702.9034,775097.3179,950.067,DL01 B
80293,147744.1939,775130.2374,950.002,DL01
80294,147748.4385,775123.7889,951.358,X
80295,147753.7194,775118.6613,952.882,TB01
80296,147744.4210,775130.1334,949.895,RP01 B RP02 B
80297,147747.6436,775126.5701,950.897,RP01
80298,147770.6789,775146.7369,950.433,RP01
80299,147784.7496,775159.7340,949.719,RP01
80300,147788.4637,775153.8674,950.734,X
80301,147793.1987,775147.9873,952.335,TB01
80302,147778.9538,775162.3528,948.676,DL01
80303,147774.8321,775167.2279,949.800,X
80304,147766.4742,775172.9391,950.702,TB03
80305,147767.4150,775183.5771,950.950,TB03
80306,147759.7080,775189.6797,951.515,TB03
80307,147748.4354,775194.1212,951.965,TB03 E
80308,147740.8878,775134.3376,951.442,RP02
80309,147760.1381,775151.8197,950.403,RP02
80310,147784.1390,775175.7328,948.984,RP02
80311,147783.0435,775183.6208,949.269,X
80312,147802.7189,775198.5181,946.925,X
80313,147807.6271,775189.0624,946.249,DL01
80314,147804.2272,775193.2872,946.826,RP02
80315,147807.7326,775180.4619,948.145,RP01
80316,147814.5039,775175.6306,949.754,X
80317,147821.4591,775168.9701,952.006,TB01
80318,147822.0402,775187.9825,947.406,RP01
80319,147821.8087,775188.7787,947.044,RP01
80320,147833.7768,775196.7408,943.002,RP01
80321,147831.8482,775204.1112,943.902,RP01
80322,147821.0292,775198.9247,944.654,DL01
80323,147831.5348,775206.4271,943.774,DL01 E
80324,147829.9564,775211.0801,943.839,RP01
80325,147833.3664,775215.1085,944.027,RP01
80326,147837.7042,775220.0167,943.945,RP01
80327,147836.3882,775224.9973,944.433,RP01
80328,147829.4420,775222.3715,945.272,RP01
80329,147832.3071,775225.7172,945.757,PFOM
80330,147815.1034,775209.2049,945.348,RP01 E RP02 E
80331,147811.2867,775219.5768,946.061,X
80332,147814.3939,775248.6928,945.854,X
80333,147810.8812,775278.3520,946.967,X
80334,147810.5250,775301.1174,947.244,X
80335,147789.4487,775295.0844,946.361,X
80336,147789.4320,775245.4025,945.638,X
80337,147759.1765,775229.5914,947.604,X
80338,147734.3280,775216.0555,952.437,X
80339,147709.6128,775198.3455,955.361,X
80340,147734.7072,775190.7102,953.349,X
80341,147759.2976,775199.3320,950.096,WL01 B WL02 B
80342,147755.9953,775185.0909,952.424,PTCS / 4IN
80343,147770.8020,775188.6325,950.703,WL01
80344,147784.7579,775188.5120,948.821,WL01
80345,147795.5246,775195.6374,947.431,WL01
80346,147805.3502,775210.9150,946.361,WL01
80347,147808.7065,775222.4518,945.936,WL01
80348,147798.9075,775227.7655,945.342,WL01
80349,147782.6112,775227.2674,946.197,WL01
80350,147765.4619,775219.9377,947.416,WL01
80351,147759.3263,775209.2643,949.012,WL01 E WL02 E
80352,147795.5747,775211.6956,945.789,X
80353,147781.8443,775207.3529,946.278,X
80354,147863.3279,774959.7731,944.614,TB01 B
80355,147860.8471,774960.6532,942.537,TS01 B
80356,147874.4990,774956.4143,945.043,X
80357,147855.4896,774964.4065,942.183,FL01 B
80358,147850.8923,774965.0916,942.501,TS02 B
80359,147848.0138,774964.1070,944.143,TB02 B
80360,147846.8928,774990.8334,942.554,FL01
80361,147842.4029,774987.1176,942.283,TS02
80362,147835.9922,774987.0780,944.493,TB02
80363,147851.3128,774988.4707,942.666,TS01
80364,147856.1339,774988.9787,944.049,TB01
80365,147870.3589,774990.3207,944.600,X
80366,147884.6524,774990.6446,944.515,X
80367,147892.8911,775008.0677,944.132,X
80368,147908.8302,775020.0471,944.508,X
80369,147924.8389,775033.8743,944.797,X
80370,147935.1130,775056.9272,945.664,X
80371,147940.6034,775001.2302,946.218,X
80372,147917.1562,774983.2261,943.909,X
80373,147857.9492,775006.3481,944.195,TB01
80374,147847.4124,775005.6325,941.890,TS01
80375,147852.5312,775009.0744,942.715,TS01
80376,147845.8706,775006.5563,941.683,FL01 B FL02 B
80377,147843.6849,775006.3110,941.900,TS02
80378,147830.2619,775008.0541,944.010,TB02
80379,147837.7364,775021.5459,942.775,TS02
80380,147840.6945,775019.4910,942.963,FL01
80381,147846.5104,775012.9174,943.452,X
80382,147845.6943,775018.2700,943.226,X
80383,147846.3315,775026.5342,942.791,TS01
80384,147840.7946,775027.2634,942.512,FL01 FL02
80385,147830.3186,775033.0474,943.769,TB02
80386,147835.3259,775034.6401,942.739,TS02
80387,147845.5211,775046.5883,941.404,FL01
80388,147835.2975,775047.1072,942.864,TS02
80389,147831.3691,775047.5454,943.684,TB02
80390,147830.6831,775056.6902,943.522,TB02
80391,147834.8679,775061.6656,941.841,TS02
80392,147853.7962,775043.2430,942.384,TS01
80393,147859.5860,775042.9435,944.637,TB01
80394,147865.1137,775059.2656,945.521,TB01 E
80395,147859.0316,775062.3223,942.253,TS01
80396,147869.7210,775037.5899,944.239,X
80397,147891.6428,775051.8487,944.916,X
80398,147939.7448,775090.8988,946.344,X
80399,147940.6106,775099.3089,945.727,DL01 B DL03 B
80400,147928.2539,775114.3961,948.756,X
80401,147917.1804,775128.3515,952.142,TB01 B TB03 B
80402,147918.4114,775122.5019,951.436,PSGN / REPORT IMPAIRED DRIVERS SIGN
80403,147881.9968,775101.2765,952.320,TB01
80404,147891.1329,775089.1045,949.285,X
80405,147900.6943,775080.9057,946.851,X
80406,147911.1519,775075.7133,944.865,DL01
80407,147838.3103,775068.8460,952.606,TB01 E
80408,147860.3278,775067.0312,949.636,X
80409,147872.0317,775060.5480,946.649,X
80410,147882.5571,775053.9416,944.290,DL01
80411,147864.1204,775045.4593,944.611,DL01
80412,147856.2994,775045.4171,943.495,DL01 E
80413,147946.6618,775148.4726,951.759,TB03
80414,147961.1927,775159.4939,951.811,TB03 E
80415,147970.4880,775148.9688,949.284,X
80416,147980.1360,775138.1484,947.194,DL03
80417,147947.9136,775130.8843,949.207,X
80418,147806.0746,775037.9642,951.986,CHE
80419,147830.2877,775055.4099,943.508,RP01 B
80420,147829.3523,775029.0314,944.258,RP01
80421,147823.7680,775029.9017,946.225,RP01
80422,147821.8065,775034.7290,947.369,RP01
80423,147818.8442,775039.2449,948.968,RP01
80424,147817.5605,775041.7695,950.197,RP01 E
80425,147845.6947,775056.5017,940.536,FL01
80426,147845.6455,775062.5068,939.606,FL01 TS01 TS02
80427,147844.4917,775197.4288,940.568,FL01 B TS01 B TS02 B
80428,147852.4489,775198.5571,940.352,TS01
80429,147849.6153,775202.0124,941.508,TS01
80430,147842.7301,775201.5481,941.695,TS01
80431,147840.6094,775203.3497,942.347,TS01
80432,147841.6990,775208.4258,942.650,TS01
80433,147859.2366,775206.4475,943.187,TB01 B
80434,147849.5201,775208.1534,943.944,TB01
80435,147846.8521,775211.2235,943.691,TB01
80436,147837.4937,775196.8646,941.285,TS02
80437,147835.3783,775203.2323,942.668,TS02
80438,147832.0977,775197.0093,944.914,TB02 B
80439,147826.8059,775207.0345,943.871,TB02
80440,147840.5732,775201.8547,941.783,FL01
80441,147839.6658,775206.1231,942.953,FL01
80442,147840.9306,775210.3007,942.686,FL01
80443,147844.7330,775218.9376,943.004,TS01
80444,147846.6771,775221.1978,944.321,TB01
80445,147838.7170,775212.9236,942.961,TS02
80446,147839.8146,775220.4885,943.215,TS02
80447,147835.8029,775221.2322,944.490,TB02
80448,147841.5296,775220.8569,943.114,FL01
80449,147836.3179,775243.7339,942.875,FL01
80450,147843.1167,775242.3076,945.128,TB01
80451,147839.3569,775241.5435,943.110,TS01
80452,147834.6732,775240.8019,942.763,TS02
80453,147830.3524,775240.3360,945.522,TB02
80454,147833.8951,775270.1154,943.732,FL01
80455,147826.2344,775270.7200,945.931,TB02
80456,147829.9319,775270.9267,943.907,TS02
80457,147837.8900,775270.1302,944.069,TS01
80458,147840.1981,775270.5777,945.344,TB01
80459,147843.8311,775299.5799,945.482,TB01
80460,147840.3716,775298.3159,942.690,TS01
80461,147837.4927,775297.2762,942.071,FL01
80462,147834.5776,775297.1975,942.543,TS02
80463,147829.4294,775298.3616,945.851,TB02
80464,147860.5941,775274.4615,946.824,X
80465,147853.3408,775305.0881,946.639,X
80466,147872.3389,775301.8626,947.909,X
80467,147881.1968,775280.3712,948.145,X
80468,147872.7608,775206.2310,951.666,TB01 B
80469,147869.3538,775211.3538,950.026,X
80470,147869.2711,775220.9718,947.175,X
80471,147853.8859,775209.2919,943.108,DL01 B
80472,147856.0147,775218.1339,943.246,DL01
80473,147857.5811,775227.0381,944.172,DL01
80474,147880.0059,775246.0191,944.421,DL01
80475,147892.5053,775254.3195,944.662,DL01 E
80476,147885.9735,775260.8007,946.510,X
80477,147873.9461,775259.0771,946.760,PFOM
80478,147895.8291,775257.1127,944.717,RP01 B RP02 B
80479,147892.9576,775260.7289,945.488,RP02
80480,147898.7893,775251.3999,946.053,RP01
80481,147879.6131,775237.1856,946.085,RP01
80482,147875.6861,775248.4422,945.139,RP02
80483,147871.4460,775226.1741,946.906,RP01
80484,147863.4052,775239.5290,945.143,RP02
80485,147858.3649,775251.4835,946.334,X
80486,147853.8650,775232.0195,945.004,RP02
80487,147855.1344,775226.2041,944.228,RP02
80488,147857.2572,775216.2673,943.377,RP02
80489,147858.7289,775211.7491,944.006,RP02
80490,147862.7117,775211.1510,945.144,RP02 E
80491,147868.0963,775218.3507,946.836,RP01 E
80492,147911.5409,775234.6658,951.487,TB01
80493,147903.7279,775244.5832,948.504,X
80494,147888.2014,775234.3436,947.878,X
